Load,Load source file,ba,zone
Load 000,ZoneLoad/Zone_01,0,0
Load 001,ZoneLoad/Zone_02,0,1
Load 002,ZoneLoad/Zone_03,0,2
Load 003,ZoneLoad/Zone_04,0,3
Load 004,ZoneLoad/Zone_05,0,4
Load 005,ZoneLoad/Zone_06,0,5
Load 006,ZoneLoad/Zone_07,0,6
Load 007,ZoneLoad/Zone_08,0,7
Load 008,ZoneLoad/Zone_09,0,8
Load 009,ZoneLoad/Zone_10,0,9
Load 010,ZoneLoad/Zone_11,0,10
Load 011,ZoneLoad/Zone_12,0,11
Load 012,ZoneLoad/Zone_13,0,12
Load 013,ZoneLoad/Zone_14,0,13
Load 014,ZoneLoad/Zone_15,0,14
Load 015,ZoneLoad/Zone_16,0,15
Load 016,ZoneLoad/Zone_17,0,16
Load 017,ZoneLoad/Zone_18,0,17
Load 018,ZoneLoad/Zone_19,0,18
Load 019,ZoneLoad/Zone_20,0,19
Load 020,ZoneLoad/Zone_21,0,20
Load 021,ZoneLoad/Zone_22,0,21
Load 022,ZoneLoad/Zone_23,0,22
Load 023,ZoneLoad/Zone_24,0,23
Load 024,ZoneLoad/Zone_25,0,24
Load 025,ZoneLoad/Zone_26,0,25
Load 026,ZoneLoad/Zone_27,0,26
Load 027,ZoneLoad/Zone_28,0,27
Load 028,ZoneLoad/Zone_29,0,28
Load 029,ZoneLoad/Zone_30,0,29
Load 030,ZoneLoad/Zone_31,0,30
Load 031,ZoneLoad/Zone_32,0,31
Load 032,ZoneLoad/Zone_33,0,32
Load 033,ZoneLoad/Zone_34,0,33
Load 034,ZoneLoad/Zone_35,0,34
Load 035,ZoneLoad/Zone_36,0,35
Load 036,ZoneLoad/Zone_37,0,36
Load 037,ZoneLoad/Zone_38,0,37
Load 038,ZoneLoad/Zone_39,0,38
