,Supporting Generator Power,,,,Load,Current Power,,,,Status,,,,Switch,,,,
,0,1,2,3,,0,1,2,3,0,1,2,3,0,1,2,3,
0,100,200,10,340,650,100,200,10,340,GENERATOR_SUPPORTING,GENERATOR_SUPPORTING,GENERATOR_SUPPORTING,GENERATOR_SUPPORTING,NO_SWITCH,NO_SWITCH,NO_SWITCH,NO_SWITCH
1,100,200,10,373.333,683.333,100,200,10,373.333,GENERATOR_SUPPORTING,GENERATOR_SUPPORTING,GENERATOR_SUPPORTING,GENERATOR_SUPPORTING,NO_SWITCH,NO_SWITCH,NO_SWITCH,NO_SWITCH
2,10,10,10,686.667,716.667,10,10,10,686.667,GENERATOR_SUPPORTING,GENERATOR_SUPPORTING,GENERATOR_SUPPORTING,GENERATOR_SUPPORTING,NO_SWITCH,NO_SWITCH,NO_SWITCH,NO_SWITCH
3,10,10,10,720,750,10,10,10,720,GENERATOR_SUPPORTING,GENERATOR_SUPPORTING,GENERATOR_SUPPORTING,GENERATOR_SUPPORTING,NO_SWITCH,NO_SWITCH,NO_SWITCH,NO_SWITCH
4,10,10,10,753.333,783.333,10,10,10,753.333,GENERATOR_SUPPORTING,GENERATOR_SUPPORTING,GENERATOR_SUPPORTING,GENERATOR_SUPPORTING,NO_SWITCH,NO_SWITCH,NO_SWITCH,NO_SWITCH
5,10,200,10,596.667,816.667,10,200,10,596.667,GENERATOR_SUPPORTING,GENERATOR_SUPPORTING,GENERATOR_SUPPORTING,GENERATOR_SUPPORTING,NO_SWITCH,NO_SWITCH,NO_SWITCH,NO_SWITCH
6,10,200,10,630,850,10,200,10,630,GENERATOR_SUPPORTING,GENERATOR_SUPPORTING,GENERATOR_SUPPORTING,GENERATOR_SUPPORTING,NO_SWITCH,NO_SWITCH,NO_SWITCH,NO_SWITCH
7,10,200,10,663.333,883.333,10,200,10,663.333,GENERATOR_SUPPORTING,GENERATOR_SUPPORTING,GENERATOR_SUPPORTING,GENERATOR_SUPPORTING,NO_SWITCH,NO_SWITCH,NO_SWITCH,NO_SWITCH
8,10,200,10,696.667,916.667,10,200,10,696.667,GENERATOR_SUPPORTING,GENERATOR_SUPPORTING,GENERATOR_SUPPORTING,GENERATOR_SUPPORTING,NO_SWITCH,NO_SWITCH,NO_SWITCH,NO_SWITCH
9,10,200,10,730,950,10,200,10,730,GENERATOR_SUPPORTING,GENERATOR_SUPPORTING,GENERATOR_SUPPORTING,GENERATOR_SUPPORTING,NO_SWITCH,NO_SWITCH,NO_SWITCH,NO_SWITCH
10,10,200,10,763.333,983.333,10,200,10,763.333,GENERATOR_SUPPORTING,GENERATOR_SUPPORTING,GENERATOR_SUPPORTING,GENERATOR_SUPPORTING,NO_SWITCH,NO_SWITCH,NO_SWITCH,NO_SWITCH
11,10,200,10,796.667,1016.67,10,200,10,796.667,GENERATOR_SUPPORTING,GENERATOR_SUPPORTING,GENERATOR_SUPPORTING,GENERATOR_SUPPORTING,NO_SWITCH,NO_SWITCH,NO_SWITCH,NO_SWITCH
12,10,200,40,800,1050,10,200,40,800,GENERATOR_SUPPORTING,GENERATOR_SUPPORTING,GENERATOR_SUPPORTING,GENERATOR_SUPPORTING,NO_SWITCH,NO_SWITCH,NO_SWITCH,NO_SWITCH
13,10,200,15,800,1025,10,200,15,800,GENERATOR_SUPPORTING,GENERATOR_SUPPORTING,GENERATOR_SUPPORTING,GENERATOR_SUPPORTING,NO_SWITCH,NO_SWITCH,NO_SWITCH,NO_SWITCH
14,10,200,10,780,1000,10,200,10,780,GENERATOR_SUPPORTING,GENERATOR_SUPPORTING,GENERATOR_SUPPORTING,GENERATOR_SUPPORTING,NO_SWITCH,NO_SWITCH,NO_SWITCH,NO_SWITCH
15,10,200,10,755,975,10,200,10,755,GENERATOR_SUPPORTING,GENERATOR_SUPPORTING,GENERATOR_SUPPORTING,GENERATOR_SUPPORTING,NO_SWITCH,NO_SWITCH,NO_SWITCH,NO_SWITCH
16,10,200,10,730,950,10,200,10,730,GENERATOR_SUPPORTING,GENERATOR_SUPPORTING,GENERATOR_SUPPORTING,GENERATOR_SUPPORTING,NO_SWITCH,NO_SWITCH,NO_SWITCH,NO_SWITCH
17,10,200,10,705,925,10,200,10,705,GENERATOR_SUPPORTING,GENERATOR_SUPPORTING,GENERATOR_SUPPORTING,GENERATOR_SUPPORTING,NO_SWITCH,NO_SWITCH,NO_SWITCH,NO_SWITCH
18,10,200,10,680,900,10,200,10,680,GENERATOR_SUPPORTING,GENERATOR_SUPPORTING,GENERATOR_SUPPORTING,GENERATOR_SUPPORTING,NO_SWITCH,NO_SWITCH,NO_SWITCH,NO_SWITCH
19,10,200,10,655,875,10,200,10,655,GENERATOR_SUPPORTING,GENERATOR_SUPPORTING,GENERATOR_SUPPORTING,GENERATOR_SUPPORTING,NO_SWITCH,NO_SWITCH,NO_SWITCH,NO_SWITCH
20,10,200,10,630,850,10,200,10,630,GENERATOR_SUPPORTING,GENERATOR_SUPPORTING,GENERATOR_SUPPORTING,GENERATOR_SUPPORTING,NO_SWITCH,NO_SWITCH,NO_SWITCH,NO_SWITCH
21,10,200,10,605,825,10,200,10,605,GENERATOR_SUPPORTING,GENERATOR_SUPPORTING,GENERATOR_SUPPORTING,GENERATOR_SUPPORTING,NO_SWITCH,NO_SWITCH,NO_SWITCH,NO_SWITCH
22,10,10,10,770,800,10,10,10,770,GENERATOR_SUPPORTING,GENERATOR_SUPPORTING,GENERATOR_SUPPORTING,GENERATOR_SUPPORTING,NO_SWITCH,NO_SWITCH,NO_SWITCH,NO_SWITCH
23,10,10,10,745,775,10,10,10,745,GENERATOR_SUPPORTING,GENERATOR_SUPPORTING,GENERATOR_SUPPORTING,GENERATOR_SUPPORTING,NO_SWITCH,NO_SWITCH,NO_SWITCH,NO_SWITCH
