0,MinimumPower[0][0][0]
0,MaximumPower[0][0][0]
-0.0731461,MinimumPower[0][1][0]
0,MaximumPower[0][1][0]
0,MinimumPower[1][0][0]
0,MaximumPower[1][0][0]
-0.0731461,MinimumPower[1][1][0]
0,MaximumPower[1][1][0]
0,MinimumPower[2][0][0]
0,MaximumPower[2][0][0]
-0.0731461,MinimumPower[2][1][0]
0,MaximumPower[2][1][0]
0,MinimumPower[3][0][0]
0,MaximumPower[3][0][0]
-0.0731461,MinimumPower[3][1][0]
0,MaximumPower[3][1][0]
0,MinimumPower[4][0][0]
0,MaximumPower[4][0][0]
-0.0731461,MinimumPower[4][1][0]
0,MaximumPower[4][1][0]
0,MinimumPower[5][0][0]
0,MaximumPower[5][0][0]
-0.0731461,MinimumPower[5][1][0]
0,MaximumPower[5][1][0]
0,MinimumPower[6][0][0]
0,MaximumPower[6][0][0]
-0.0731461,MinimumPower[6][1][0]
0,MaximumPower[6][1][0]
0,MinimumPower[7][0][0]
0,MaximumPower[7][0][0]
-0.0731461,MinimumPower[7][1][0]
0,MaximumPower[7][1][0]
0,MinimumPower[8][0][0]
0,MaximumPower[8][0][0]
0,MinimumPower[8][1][0]
0,MaximumPower[8][1][0]
0,MinimumPower[9][0][0]
0,MaximumPower[9][0][0]
0,MinimumPower[9][1][0]
0,MaximumPower[9][1][0]
0,MinimumPower[10][0][0]
0,MaximumPower[10][0][0]
0,MinimumPower[10][1][0]
0,MaximumPower[10][1][0]
0,MinimumPower[11][0][0]
0,MaximumPower[11][0][0]
0,MinimumPower[11][1][0]
0,MaximumPower[11][1][0]
0,MinimumPower[12][0][0]
0,MaximumPower[12][0][0]
0,MinimumPower[12][1][0]
0,MaximumPower[12][1][0]
0,MinimumPower[13][0][0]
0,MaximumPower[13][0][0]
0,MinimumPower[13][1][0]
0,MaximumPower[13][1][0]
0,MinimumPower[14][0][0]
0,MaximumPower[14][0][0]
0,MinimumPower[14][1][0]
0,MaximumPower[14][1][0]
0,MinimumPower[15][0][0]
0,MaximumPower[15][0][0]
0,MinimumPower[15][1][0]
0,MaximumPower[15][1][0]
0,MinimumPower[16][0][0]
0,MaximumPower[16][0][0]
0,MinimumPower[16][1][0]
0,MaximumPower[16][1][0]
0,MinimumPower[17][0][0]
0,MaximumPower[17][0][0]
0,MinimumPower[17][1][0]
0,MaximumPower[17][1][0]
0,MinimumPower[18][0][0]
0,MaximumPower[18][0][0]
-0.0731461,MinimumPower[18][1][0]
0,MaximumPower[18][1][0]
0,MinimumPower[19][0][0]
0,MaximumPower[19][0][0]
-0.0731461,MinimumPower[19][1][0]
0,MaximumPower[19][1][0]
0,MinimumPower[20][0][0]
0,MaximumPower[20][0][0]
-0.0731461,MinimumPower[20][1][0]
0,MaximumPower[20][1][0]
0,MinimumPower[21][0][0]
0,MaximumPower[21][0][0]
-0.0731461,MinimumPower[21][1][0]
0,MaximumPower[21][1][0]
0,MinimumPower[22][0][0]
0,MaximumPower[22][0][0]
-0.0731461,MinimumPower[22][1][0]
0,MaximumPower[22][1][0]
0,MinimumPower[23][0][0]
0,MaximumPower[23][0][0]
-0.0731461,MinimumPower[23][1][0]
0,MaximumPower[23][1][0]
0,MinimumPower[24][0][0]
0,MaximumPower[24][0][0]
-0.0731461,MinimumPower[24][1][0]
0,MaximumPower[24][1][0]
0,MinimumPower[25][0][0]
0,MaximumPower[25][0][0]
-0.0731461,MinimumPower[25][1][0]
0,MaximumPower[25][1][0]
0,MinimumPower[26][0][0]
0,MaximumPower[26][0][0]
-0.0731461,MinimumPower[26][1][0]
0,MaximumPower[26][1][0]
0,MinimumPower[27][0][0]
0,MaximumPower[27][0][0]
-0.0731461,MinimumPower[27][1][0]
0,MaximumPower[27][1][0]
0,MinimumPower[28][0][0]
0,MaximumPower[28][0][0]
-0.0731461,MinimumPower[28][1][0]
0,MaximumPower[28][1][0]
0,MinimumPower[29][0][0]
0,MaximumPower[29][0][0]
0,MinimumPower[29][1][0]
0,MaximumPower[29][1][0]
0,MinimumPower[30][0][0]
0,MaximumPower[30][0][0]
0,MinimumPower[30][1][0]
0,MaximumPower[30][1][0]
0,MinimumPower[31][0][0]
0,MaximumPower[31][0][0]
0,MinimumPower[31][1][0]
0,MaximumPower[31][1][0]
0,MinimumPower[32][0][0]
0,MaximumPower[32][0][0]
0,MinimumPower[32][1][0]
0,MaximumPower[32][1][0]
0,MinimumPower[33][0][0]
0,MaximumPower[33][0][0]
0,MinimumPower[33][1][0]
0,MaximumPower[33][1][0]
0,MinimumPower[34][0][0]
0,MaximumPower[34][0][0]
0,MinimumPower[34][1][0]
0,MaximumPower[34][1][0]
0,MinimumPower[35][0][0]
0,MaximumPower[35][0][0]
0,MinimumPower[35][1][0]
0,MaximumPower[35][1][0]
0,MinimumPower[36][0][0]
0,MaximumPower[36][0][0]
0,MinimumPower[36][1][0]
0,MaximumPower[36][1][0]
0,MinimumPower[37][0][0]
0,MaximumPower[37][0][0]
0,MinimumPower[37][1][0]
0,MaximumPower[37][1][0]
0,MinimumPower[38][0][0]
0,MaximumPower[38][0][0]
0,MinimumPower[38][1][0]
0,MaximumPower[38][1][0]
0,MinimumPower[39][0][0]
0,MaximumPower[39][0][0]
0,MinimumPower[39][1][0]
0,MaximumPower[39][1][0]
0,MinimumPower[40][0][0]
0,MaximumPower[40][0][0]
0,MinimumPower[40][1][0]
0,MaximumPower[40][1][0]
0,MinimumPower[41][0][0]
0,MaximumPower[41][0][0]
0,MinimumPower[41][1][0]
0,MaximumPower[41][1][0]
0,MinimumPower[42][0][0]
0,MaximumPower[42][0][0]
0,MinimumPower[42][1][0]
0,MaximumPower[42][1][0]
0,MinimumPower[43][0][0]
0,MaximumPower[43][0][0]
0,MinimumPower[43][1][0]
0,MaximumPower[43][1][0]
0,MinimumPower[44][0][0]
0,MaximumPower[44][0][0]
0,MinimumPower[44][1][0]
0,MaximumPower[44][1][0]
0,MinimumPower[45][0][0]
0,MaximumPower[45][0][0]
0,MinimumPower[45][1][0]
0,MaximumPower[45][1][0]
0,MinimumPower[46][0][0]
0,MaximumPower[46][0][0]
-0.0731461,MinimumPower[46][1][0]
0,MaximumPower[46][1][0]
0,MinimumPower[47][0][0]
0,MaximumPower[47][0][0]
-0.0731461,MinimumPower[47][1][0]
0,MaximumPower[47][1][0]
0,MinimumPower[48][0][0]
0,MaximumPower[48][0][0]
-0.0731461,MinimumPower[48][1][0]
0,MaximumPower[48][1][0]
0,MinimumPower[49][0][0]
0,MaximumPower[49][0][0]
-0.0731461,MinimumPower[49][1][0]
0,MaximumPower[49][1][0]
0,MinimumPower[50][0][0]
0,MaximumPower[50][0][0]
0,MinimumPower[50][1][0]
0,MaximumPower[50][1][0]
0,MinimumPower[51][0][0]
0,MaximumPower[51][0][0]
0,MinimumPower[51][1][0]
0,MaximumPower[51][1][0]
0,MinimumPower[52][0][0]
0,MaximumPower[52][0][0]
0,MinimumPower[52][1][0]
0,MaximumPower[52][1][0]
0,MinimumPower[53][0][0]
0,MaximumPower[53][0][0]
0,MinimumPower[53][1][0]
0,MaximumPower[53][1][0]
0,MinimumPower[54][0][0]
0,MaximumPower[54][0][0]
0,MinimumPower[54][1][0]
0,MaximumPower[54][1][0]
0,MinimumPower[55][0][0]
0,MaximumPower[55][0][0]
0,MinimumPower[55][1][0]
0,MaximumPower[55][1][0]
0,MinimumPower[56][0][0]
0,MaximumPower[56][0][0]
0,MinimumPower[56][1][0]
0,MaximumPower[56][1][0]
0,MinimumPower[57][0][0]
0,MaximumPower[57][0][0]
0,MinimumPower[57][1][0]
0,MaximumPower[57][1][0]
0,MinimumPower[58][0][0]
0,MaximumPower[58][0][0]
0,MinimumPower[58][1][0]
0,MaximumPower[58][1][0]
0,MinimumPower[59][0][0]
0,MaximumPower[59][0][0]
0,MinimumPower[59][1][0]
0,MaximumPower[59][1][0]
0,MinimumPower[60][0][0]
0,MaximumPower[60][0][0]
0,MinimumPower[60][1][0]
0,MaximumPower[60][1][0]
0,MinimumPower[61][0][0]
0,MaximumPower[61][0][0]
0,MinimumPower[61][1][0]
0,MaximumPower[61][1][0]
0,MinimumPower[62][0][0]
0,MaximumPower[62][0][0]
0,MinimumPower[62][1][0]
0,MaximumPower[62][1][0]
0,MinimumPower[63][0][0]
0,MaximumPower[63][0][0]
0,MinimumPower[63][1][0]
0,MaximumPower[63][1][0]
0,MinimumPower[64][0][0]
0,MaximumPower[64][0][0]
0,MinimumPower[64][1][0]
0,MaximumPower[64][1][0]
0,MinimumPower[65][0][0]
0,MaximumPower[65][0][0]
0,MinimumPower[65][1][0]
0,MaximumPower[65][1][0]
0,MinimumPower[66][0][0]
0,MaximumPower[66][0][0]
0,MinimumPower[66][1][0]
0,MaximumPower[66][1][0]
0,MinimumPower[67][0][0]
0,MaximumPower[67][0][0]
0,MinimumPower[67][1][0]
0,MaximumPower[67][1][0]
0,MinimumPower[68][0][0]
0,MaximumPower[68][0][0]
0,MinimumPower[68][1][0]
0,MaximumPower[68][1][0]
0,MinimumPower[69][0][0]
0,MaximumPower[69][0][0]
0,MinimumPower[69][1][0]
0,MaximumPower[69][1][0]
0,MinimumPower[70][0][0]
0,MaximumPower[70][0][0]
0,MinimumPower[70][1][0]
0,MaximumPower[70][1][0]
0,MinimumPower[71][0][0]
0,MaximumPower[71][0][0]
0,MinimumPower[71][1][0]
0,MaximumPower[71][1][0]
-0,StartNonnegative[0][0]
-0,Start[0][0]
-0,Stop[0][0]
-0,StartNonnegative[0][1]
-0,Start[0][1]
-0,Stop[0][1]
-0,StartNonnegative[1][0]
-0,Start[1][0]
-0,Stop[1][0]
-0,StartNonnegative[1][1]
-0,Start[1][1]
-0,Stop[1][1]
-0,StartNonnegative[2][0]
-0,Start[2][0]
-0,Stop[2][0]
-0,StartNonnegative[2][1]
-0,Start[2][1]
-0,Stop[2][1]
-0,StartNonnegative[3][0]
-0,Start[3][0]
-0,Stop[3][0]
-0,StartNonnegative[3][1]
-0,Start[3][1]
-0,Stop[3][1]
-0,StartNonnegative[4][0]
-0,Start[4][0]
-0,Stop[4][0]
-0,StartNonnegative[4][1]
-0,Start[4][1]
-0,Stop[4][1]
-0,StartNonnegative[5][0]
-0,Start[5][0]
-0,Stop[5][0]
-0,StartNonnegative[5][1]
-0,Start[5][1]
-0,Stop[5][1]
-0,StartNonnegative[6][0]
-0,Start[6][0]
-0,Stop[6][0]
-0,StartNonnegative[6][1]
-0,Start[6][1]
-0,Stop[6][1]
-0,StartNonnegative[7][0]
-0,Start[7][0]
-0,Stop[7][0]
-0,StartNonnegative[7][1]
-0,Start[7][1]
-0,Stop[7][1]
-0,StartNonnegative[8][0]
-0,Start[8][0]
-0,Stop[8][0]
-0,StartNonnegative[8][1]
-0,Start[8][1]
-0,Stop[8][1]
-0,StartNonnegative[9][0]
-0,Start[9][0]
-0,Stop[9][0]
-0,StartNonnegative[9][1]
-0,Start[9][1]
-0,Stop[9][1]
-0,StartNonnegative[10][0]
-0,Start[10][0]
-0,Stop[10][0]
-0,StartNonnegative[10][1]
-0,Start[10][1]
-0,Stop[10][1]
-0,StartNonnegative[11][0]
-0,Start[11][0]
-0,Stop[11][0]
-0,StartNonnegative[11][1]
-0,Start[11][1]
-0,Stop[11][1]
-0,StartNonnegative[12][0]
-0,Start[12][0]
-0,Stop[12][0]
-0,StartNonnegative[12][1]
-0,Start[12][1]
-0,Stop[12][1]
-0,StartNonnegative[13][0]
-0,Start[13][0]
-0,Stop[13][0]
-0,StartNonnegative[13][1]
-0,Start[13][1]
-0,Stop[13][1]
-0,StartNonnegative[14][0]
-0,Start[14][0]
-0,Stop[14][0]
-0,StartNonnegative[14][1]
-0,Start[14][1]
-0,Stop[14][1]
-0,StartNonnegative[15][0]
-0,Start[15][0]
-0,Stop[15][0]
-0,StartNonnegative[15][1]
-0,Start[15][1]
-0,Stop[15][1]
-0,StartNonnegative[16][0]
-0,Start[16][0]
-0,Stop[16][0]
-0,StartNonnegative[16][1]
-0,Start[16][1]
-0,Stop[16][1]
-0,StartNonnegative[17][0]
-0,Start[17][0]
-0,Stop[17][0]
-0,StartNonnegative[17][1]
-0,Start[17][1]
-0,Stop[17][1]
-0,StartNonnegative[18][0]
-0,Start[18][0]
-0,Stop[18][0]
-0,StartNonnegative[18][1]
-0,Start[18][1]
-0,Stop[18][1]
-0,StartNonnegative[19][0]
-0,Start[19][0]
-0,Stop[19][0]
-0,StartNonnegative[19][1]
-0,Start[19][1]
-0,Stop[19][1]
-0,StartNonnegative[20][0]
-0,Start[20][0]
-0,Stop[20][0]
-0,StartNonnegative[20][1]
-0,Start[20][1]
-0,Stop[20][1]
-0,StartNonnegative[21][0]
-0,Start[21][0]
-0,Stop[21][0]
-0,StartNonnegative[21][1]
-0,Start[21][1]
-0,Stop[21][1]
-0,StartNonnegative[22][0]
-0,Start[22][0]
-0,Stop[22][0]
-0,StartNonnegative[22][1]
-0,Start[22][1]
-0,Stop[22][1]
-0,StartNonnegative[23][0]
-0,Start[23][0]
-0,Stop[23][0]
-0,StartNonnegative[23][1]
-0,Start[23][1]
-0,Stop[23][1]
-0,StartNonnegative[24][0]
-0,Start[24][0]
-0,Stop[24][0]
-0,StartNonnegative[24][1]
-0,Start[24][1]
-0,Stop[24][1]
-0,StartNonnegative[25][0]
-0,Start[25][0]
-0,Stop[25][0]
-0,StartNonnegative[25][1]
-0,Start[25][1]
-0,Stop[25][1]
-0,StartNonnegative[26][0]
-0,Start[26][0]
-0,Stop[26][0]
-0,StartNonnegative[26][1]
-0,Start[26][1]
-0,Stop[26][1]
-0,StartNonnegative[27][0]
-0,Start[27][0]
-0,Stop[27][0]
-0,StartNonnegative[27][1]
-0,Start[27][1]
-0,Stop[27][1]
-0,StartNonnegative[28][0]
-0,Start[28][0]
-0,Stop[28][0]
-0,StartNonnegative[28][1]
-0,Start[28][1]
-0,Stop[28][1]
-0,StartNonnegative[29][0]
-0,Start[29][0]
-0,Stop[29][0]
-0,StartNonnegative[29][1]
-0,Start[29][1]
-0,Stop[29][1]
-0,StartNonnegative[30][0]
-0,Start[30][0]
-0,Stop[30][0]
-0,StartNonnegative[30][1]
-0,Start[30][1]
-0,Stop[30][1]
-0,StartNonnegative[31][0]
-0,Start[31][0]
-0,Stop[31][0]
-0,StartNonnegative[31][1]
-0,Start[31][1]
-0,Stop[31][1]
-0,StartNonnegative[32][0]
-0,Start[32][0]
-0,Stop[32][0]
-0,StartNonnegative[32][1]
-0,Start[32][1]
-0,Stop[32][1]
-0,StartNonnegative[33][0]
-0,Start[33][0]
-0,Stop[33][0]
-0,StartNonnegative[33][1]
-0,Start[33][1]
-0,Stop[33][1]
-0,StartNonnegative[34][0]
-0,Start[34][0]
-0,Stop[34][0]
-0,StartNonnegative[34][1]
-0,Start[34][1]
-0,Stop[34][1]
-0,StartNonnegative[35][0]
-0,Start[35][0]
-0,Stop[35][0]
-0,StartNonnegative[35][1]
-0,Start[35][1]
-0,Stop[35][1]
-0,StartNonnegative[36][0]
-0,Start[36][0]
-0,Stop[36][0]
-0,StartNonnegative[36][1]
-0,Start[36][1]
-0,Stop[36][1]
-0,StartNonnegative[37][0]
-0,Start[37][0]
-0,Stop[37][0]
-0,StartNonnegative[37][1]
-0,Start[37][1]
-0,Stop[37][1]
-0,StartNonnegative[38][0]
-0,Start[38][0]
-0,Stop[38][0]
-0,StartNonnegative[38][1]
-0,Start[38][1]
-0,Stop[38][1]
-0,StartNonnegative[39][0]
-0,Start[39][0]
-0,Stop[39][0]
-0,StartNonnegative[39][1]
-0,Start[39][1]
-0,Stop[39][1]
-0,StartNonnegative[40][0]
-0,Start[40][0]
-0,Stop[40][0]
-0,StartNonnegative[40][1]
-0,Start[40][1]
-0,Stop[40][1]
-0,StartNonnegative[41][0]
-0,Start[41][0]
-0,Stop[41][0]
-0,StartNonnegative[41][1]
-0,Start[41][1]
-0,Stop[41][1]
-0,StartNonnegative[42][0]
-0,Start[42][0]
-0,Stop[42][0]
-0,StartNonnegative[42][1]
-0,Start[42][1]
-0,Stop[42][1]
-0,StartNonnegative[43][0]
-0,Start[43][0]
-0,Stop[43][0]
-0,StartNonnegative[43][1]
-0,Start[43][1]
-0,Stop[43][1]
-0,StartNonnegative[44][0]
-0,Start[44][0]
-0,Stop[44][0]
-0,StartNonnegative[44][1]
-0,Start[44][1]
-0,Stop[44][1]
-0,StartNonnegative[45][0]
-0,Start[45][0]
-0,Stop[45][0]
-0,StartNonnegative[45][1]
-0,Start[45][1]
-0,Stop[45][1]
-0,StartNonnegative[46][0]
-0,Start[46][0]
-0,Stop[46][0]
-0,StartNonnegative[46][1]
-0,Start[46][1]
-0,Stop[46][1]
-0,StartNonnegative[47][0]
-0,Start[47][0]
-0,Stop[47][0]
-0,StartNonnegative[47][1]
-0,Start[47][1]
-0,Stop[47][1]
-0,StartNonnegative[48][0]
-0,Start[48][0]
-0,Stop[48][0]
-0,StartNonnegative[48][1]
-0,Start[48][1]
-0,Stop[48][1]
-0,StartNonnegative[49][0]
-0,Start[49][0]
-0,Stop[49][0]
-0,StartNonnegative[49][1]
-0,Start[49][1]
-0,Stop[49][1]
-0,StartNonnegative[50][0]
-0,Start[50][0]
-0,Stop[50][0]
-0,StartNonnegative[50][1]
-0,Start[50][1]
-0,Stop[50][1]
-0,StartNonnegative[51][0]
-0,Start[51][0]
-0,Stop[51][0]
-0,StartNonnegative[51][1]
-0,Start[51][1]
-0,Stop[51][1]
-0,StartNonnegative[52][0]
-0,Start[52][0]
-0,Stop[52][0]
-0,StartNonnegative[52][1]
-0,Start[52][1]
-0,Stop[52][1]
-0,StartNonnegative[53][0]
-0,Start[53][0]
-0,Stop[53][0]
-0,StartNonnegative[53][1]
-0,Start[53][1]
-0,Stop[53][1]
-0,StartNonnegative[54][0]
-0,Start[54][0]
-0,Stop[54][0]
-0,StartNonnegative[54][1]
-0,Start[54][1]
-0,Stop[54][1]
-0,StartNonnegative[55][0]
-0,Start[55][0]
-0,Stop[55][0]
-0,StartNonnegative[55][1]
-0,Start[55][1]
-0,Stop[55][1]
-0,StartNonnegative[56][0]
-0,Start[56][0]
-0,Stop[56][0]
-0,StartNonnegative[56][1]
-0,Start[56][1]
-0,Stop[56][1]
-0,StartNonnegative[57][0]
-0,Start[57][0]
-0,Stop[57][0]
-0,StartNonnegative[57][1]
-0,Start[57][1]
-0,Stop[57][1]
-0,StartNonnegative[58][0]
-0,Start[58][0]
-0,Stop[58][0]
-0,StartNonnegative[58][1]
-0,Start[58][1]
-0,Stop[58][1]
-0,StartNonnegative[59][0]
-0,Start[59][0]
-0,Stop[59][0]
-0,StartNonnegative[59][1]
-0,Start[59][1]
-0,Stop[59][1]
-0,StartNonnegative[60][0]
-0,Start[60][0]
-0,Stop[60][0]
-0,StartNonnegative[60][1]
-0,Start[60][1]
-0,Stop[60][1]
-0,StartNonnegative[61][0]
-0,Start[61][0]
-0,Stop[61][0]
-0,StartNonnegative[61][1]
-0,Start[61][1]
-0,Stop[61][1]
-0,StartNonnegative[62][0]
-0,Start[62][0]
-0,Stop[62][0]
-0,StartNonnegative[62][1]
-0,Start[62][1]
-0,Stop[62][1]
-0,StartNonnegative[63][0]
-0,Start[63][0]
-0,Stop[63][0]
-0,StartNonnegative[63][1]
-0,Start[63][1]
-0,Stop[63][1]
-0,StartNonnegative[64][0]
-0,Start[64][0]
-0,Stop[64][0]
-0,StartNonnegative[64][1]
-0,Start[64][1]
-0,Stop[64][1]
-0,StartNonnegative[65][0]
-0,Start[65][0]
-0,Stop[65][0]
-0,StartNonnegative[65][1]
-0,Start[65][1]
-0,Stop[65][1]
-0,StartNonnegative[66][0]
-0,Start[66][0]
-0,Stop[66][0]
-0,StartNonnegative[66][1]
-0,Start[66][1]
-0,Stop[66][1]
-0,StartNonnegative[67][0]
-0,Start[67][0]
-0,Stop[67][0]
-0,StartNonnegative[67][1]
-0,Start[67][1]
-0,Stop[67][1]
-0,StartNonnegative[68][0]
-0,Start[68][0]
-0,Stop[68][0]
-0,StartNonnegative[68][1]
-0,Start[68][1]
-0,Stop[68][1]
-0,StartNonnegative[69][0]
-0,Start[69][0]
-0,Stop[69][0]
-0,StartNonnegative[69][1]
-0,Start[69][1]
-0,Stop[69][1]
-0,StartNonnegative[70][0]
-0,Start[70][0]
-0,Stop[70][0]
-0,StartNonnegative[70][1]
-0,Start[70][1]
-0,Stop[70][1]
-0,StartNonnegative[71][0]
-0,Start[71][0]
-0,Stop[71][0]
-0,StartNonnegative[71][1]
-0,Start[71][1]
-0,Stop[71][1]
49.3004,ZonePowerBalance[0][0]
49.3004,ZonePowerBalance[1][0]
49.3004,ZonePowerBalance[2][0]
49.3004,ZonePowerBalance[3][0]
49.3004,ZonePowerBalance[4][0]
49.3004,ZonePowerBalance[5][0]
49.3004,ZonePowerBalance[6][0]
49.3004,ZonePowerBalance[7][0]
49.3736,ZonePowerBalance[8][0]
49.3736,ZonePowerBalance[9][0]
49.3736,ZonePowerBalance[10][0]
49.3736,ZonePowerBalance[11][0]
49.3736,ZonePowerBalance[12][0]
49.3736,ZonePowerBalance[13][0]
49.3736,ZonePowerBalance[14][0]
49.3736,ZonePowerBalance[15][0]
49.3736,ZonePowerBalance[16][0]
49.3736,ZonePowerBalance[17][0]
49.3004,ZonePowerBalance[18][0]
49.3004,ZonePowerBalance[19][0]
49.3004,ZonePowerBalance[20][0]
49.3004,ZonePowerBalance[21][0]
49.3004,ZonePowerBalance[22][0]
49.3004,ZonePowerBalance[23][0]
49.3004,ZonePowerBalance[24][0]
49.3004,ZonePowerBalance[25][0]
49.3004,ZonePowerBalance[26][0]
49.3004,ZonePowerBalance[27][0]
49.3004,ZonePowerBalance[28][0]
49.3736,ZonePowerBalance[29][0]
49.3736,ZonePowerBalance[30][0]
49.3736,ZonePowerBalance[31][0]
49.3736,ZonePowerBalance[32][0]
49.3736,ZonePowerBalance[33][0]
49.3736,ZonePowerBalance[34][0]
49.3736,ZonePowerBalance[35][0]
49.3736,ZonePowerBalance[36][0]
49.3736,ZonePowerBalance[37][0]
49.3736,ZonePowerBalance[38][0]
49.3736,ZonePowerBalance[39][0]
49.3736,ZonePowerBalance[40][0]
49.3736,ZonePowerBalance[41][0]
49.3736,ZonePowerBalance[42][0]
49.3736,ZonePowerBalance[43][0]
49.3736,ZonePowerBalance[44][0]
49.3736,ZonePowerBalance[45][0]
49.3004,ZonePowerBalance[46][0]
49.3004,ZonePowerBalance[47][0]
49.3004,ZonePowerBalance[48][0]
49.3004,ZonePowerBalance[49][0]
49.3736,ZonePowerBalance[50][0]
49.3736,ZonePowerBalance[51][0]
49.3736,ZonePowerBalance[52][0]
49.3736,ZonePowerBalance[53][0]
49.3736,ZonePowerBalance[54][0]
49.3736,ZonePowerBalance[55][0]
49.3736,ZonePowerBalance[56][0]
49.3736,ZonePowerBalance[57][0]
49.3736,ZonePowerBalance[58][0]
49.3736,ZonePowerBalance[59][0]
49.3736,ZonePowerBalance[60][0]
49.3736,ZonePowerBalance[61][0]
49.3736,ZonePowerBalance[62][0]
49.3736,ZonePowerBalance[63][0]
49.3736,ZonePowerBalance[64][0]
49.3736,ZonePowerBalance[65][0]
49.3736,ZonePowerBalance[66][0]
49.3736,ZonePowerBalance[67][0]
49.3736,ZonePowerBalance[68][0]
49.3736,ZonePowerBalance[69][0]
49.3736,ZonePowerBalance[70][0]
49.3736,ZonePowerBalance[71][0]
